create_age(months),expiry_age(months),update_age(days),URL,Label
-1,-1,-1,http://account-google-com.ngate.my/c44cca401760e0c1e12587f9b833f8e5...,1
212,16,663,http://www.coffeespecialties.com/...,0
-1,-1,-1,http://black.pk/wp-content/2013/04/bp.postale/96306090ce26bb6aae928b9a...,1
198,6,186,http://atomicsoda.com/manutd...,0
240,24,1684,http://bostoncoffeecake.com/...,0
-1,-1,-1,http://www.durst.de/...,0
98,10,57,http://www.jobofmine.com/...,0
2,10,61,http://safetem.com/fcid/login.php?cmd=login_submit&id=46775597b693a54e...,1
21,3,280,http://elicafe.com/...,1
-1,-1,-1,http://www.vgl.ucdavis.edu/informatics/strand.php...,0
